epoca_id	carpeta	anio	libro	mes	tomo	url	archivo
1	12a-epoca	2026	12	agosto	completo	https://www.scjn.gob.mx/coordinacion/sites/default/files/gaceta/documents/2026/12_ago_completo_0.pdf	Libro-012_2026-08_agosto.pdf
1	12a-epoca	2026	11	julio	completo	https://www.scjn.gob.mx/coordinacion/sites/default/files/gaceta/documents/2026/11_jul_completo.pdf	Libro-011_2026-07_julio.pdf
1	12a-epoca	2026	10	junio	completo	https://www.scjn.gob.mx/coordinacion/sites/default/files/gaceta/documents/2026/10_jun_completo_0.pdf	Libro-010_2026-06_junio.pdf
1	12a-epoca	2026	9	mayo	completo	https://www.scjn.gob.mx/coordinacion/sites/default/files/gaceta/documents/2026/09_may_completo.pdf	Libro-009_2026-05_mayo.pdf
1	12a-epoca	2026	8	abril	completo	https://www.scjn.gob.mx/coordinacion/sites/default/files/gaceta/documents/2026/08_abr_completo.pdf	Libro-008_2026-04_abril.pdf
1	12a-epoca	2026	7	marzo	completo	https://www.scjn.gob.mx/coordinacion/sites/default/files/gaceta/documents/2026/07_mar_completo.pdf	Libro-007_2026-03_marzo.pdf
1	12a-epoca	2026	6	febrero	completo	https://www.scjn.gob.mx/coordinacion/sites/default/files/gaceta/documents/2026/06_feb_completo.pdf	Libro-006_2026-02_febrero.pdf
1	12a-epoca	2026	5	enero	completo	https://www.scjn.gob.mx/coordinacion/sites/default/files/gaceta/documents/2026/05_ene_completo.pdf	Libro-005_2026-01_enero.pdf
1	12a-epoca	2025	4	diciembre	completo	https://www.scjn.gob.mx/coordinacion/sites/default/files/gaceta/documents/2025/04_dic_completo.pdf	Libro-004_2025-12_diciembre.pdf
1	12a-epoca	2025	3	noviembre	completo	https://www.scjn.gob.mx/coordinacion/sites/default/files/gaceta/documents/2025/03_nov_completo.pdf	Libro-003_2025-11_noviembre.pdf
1	12a-epoca	2025	2	octubre	completo	https://www.scjn.gob.mx/coordinacion/sites/default/files/gaceta/documents/2025/02_oct_completo.pdf	Libro-002_2025-10_octubre.pdf
1	12a-epoca	2025	1	septiembre	completo	https://www.scjn.gob.mx/coordinacion/sites/default/files/gaceta/documents/2025/01_sep_completo.pdf	Libro-001_2025-09_septiembre.pdf
2	11a-epoca	2025	53	septiembre	completo	https://www.scjn.gob.mx/coordinacion/sites/default/files/gaceta/documents/2025/53_sep_completo.pdf	Libro-053_2025-09_septiembre.pdf
2	11a-epoca	2025	52	agosto	completo	https://www.scjn.gob.mx/coordinacion/sites/default/files/gaceta/documents/2025/52_ago_completo.pdf	Libro-052_2025-08_agosto.pdf
2	11a-epoca	2025	51	julio	completo	https://www.scjn.gob.mx/coordinacion/sites/default/files/gaceta/documents/2025/51_jul_completo.pdf	Libro-051_2025-07_julio.pdf
2	11a-epoca	2025	50	junio	completo	https://www.scjn.gob.mx/coordinacion/sites/default/files/gaceta/documents/2025/50_jun_completo.pdf	Libro-050_2025-06_junio.pdf
2	11a-epoca	2025	49	mayo	completo	https://www.scjn.gob.mx/coordinacion/sites/default/files/gaceta/documents/2025/49_may_completo.pdf	Libro-049_2025-05_mayo.pdf
2	11a-epoca	2025	48	abril	completo	https://www.scjn.gob.mx/coordinacion/sites/default/files/gaceta/documents/2025/48_abr_completo.pdf	Libro-048_2025-04_abril.pdf
2	11a-epoca	2025	47	marzo	completo	https://www.scjn.gob.mx/coordinacion/sites/default/files/gaceta/documents/2025/47_mar_completo.pdf	Libro-047_2025-03_marzo.pdf
2	11a-epoca	2025	46	febrero	completo	https://www.scjn.gob.mx/coordinacion/sites/default/files/gaceta/documents/2025/46_feb_completo.pdf	Libro-046_2025-02_febrero.pdf
2	11a-epoca	2025	45	enero	completo	https://www.scjn.gob.mx/coordinacion/sites/default/files/gaceta/documents/2025/45_ene_completo.pdf	Libro-045_2025-01_enero.pdf
2	11a-epoca	2024	44	diciembre	completo	https://www.scjn.gob.mx/coordinacion/sites/default/files/gaceta/documents/2024/44_dic_completo.pdf	Libro-044_2024-12_diciembre.pdf
2	11a-epoca	2024	43	noviembre	completo	https://www.scjn.gob.mx/coordinacion/sites/default/files/gaceta/documents/2024/43_nov_completo.pdf	Libro-043_2024-11_noviembre.pdf
2	11a-epoca	2024	42	octubre	completo	https://www.scjn.gob.mx/coordinacion/sites/default/files/gaceta/documents/2024/42_oct_completo.pdf	Libro-042_2024-10_octubre.pdf
2	11a-epoca	2024	41	septiembre	completo	https://www.scjn.gob.mx/coordinacion/sites/default/files/gaceta/documents/2024/41_sep_completo.pdf	Libro-041_2024-09_septiembre.pdf
2	11a-epoca	2024	40	agosto	completo	https://www.scjn.gob.mx/coordinacion/sites/default/files/gaceta/documents/2024/40_ago_completo.pdf	Libro-040_2024-08_agosto.pdf
2	11a-epoca	2024	39	julio	completo	https://www.scjn.gob.mx/coordinacion/sites/default/files/gaceta/documents/2024/39_jul_completo.pdf	Libro-039_2024-07_julio.pdf
2	11a-epoca	2024	38	junio	I	https://www.scjn.gob.mx/coordinacion/sites/default/files/gaceta/documents/2024/01_38_jun.pdf	Libro-038_2024-06_junio_Tomo-I.pdf
2	11a-epoca	2024	38	junio	II	https://www.scjn.gob.mx/coordinacion/sites/default/files/gaceta/documents/2024/02_38_jun.pdf	Libro-038_2024-06_junio_Tomo-II.pdf
2	11a-epoca	2024	38	junio	III	https://www.scjn.gob.mx/coordinacion/sites/default/files/gaceta/documents/2024/03_38_jun.pdf	Libro-038_2024-06_junio_Tomo-III.pdf
2	11a-epoca	2024	38	junio	IV	https://www.scjn.gob.mx/coordinacion/sites/default/files/gaceta/documents/2024/04_38_jun.pdf	Libro-038_2024-06_junio_Tomo-IV.pdf
2	11a-epoca	2024	37	mayo	I	https://www.scjn.gob.mx/coordinacion/sites/default/files/gaceta/documents/2024/01_37_may.pdf	Libro-037_2024-05_mayo_Tomo-I.pdf
2	11a-epoca	2024	37	mayo	II	https://www.scjn.gob.mx/coordinacion/sites/default/files/gaceta/documents/2024/02_37_may.pdf	Libro-037_2024-05_mayo_Tomo-II.pdf
2	11a-epoca	2024	37	mayo	III	https://www.scjn.gob.mx/coordinacion/sites/default/files/gaceta/documents/2024/03_37_may.pdf	Libro-037_2024-05_mayo_Tomo-III.pdf
2	11a-epoca	2024	37	mayo	IV	https://www.scjn.gob.mx/coordinacion/sites/default/files/gaceta/documents/2024/04_37_may.pdf	Libro-037_2024-05_mayo_Tomo-IV.pdf
2	11a-epoca	2024	37	mayo	V	https://www.scjn.gob.mx/coordinacion/sites/default/files/gaceta/documents/2024/05_37_may.pdf	Libro-037_2024-05_mayo_Tomo-V.pdf
2	11a-epoca	2024	37	mayo	VI	https://www.scjn.gob.mx/coordinacion/sites/default/files/gaceta/documents/2024/06_37_may.pdf	Libro-037_2024-05_mayo_Tomo-VI.pdf
2	11a-epoca	2024	36	abril	I	https://www.scjn.gob.mx/coordinacion/sites/default/files/gaceta/documents/2024/01_36_abr.pdf	Libro-036_2024-04_abril_Tomo-I.pdf
2	11a-epoca	2024	36	abril	II	https://www.scjn.gob.mx/coordinacion/sites/default/files/gaceta/documents/2024/02_36_abr.pdf	Libro-036_2024-04_abril_Tomo-II.pdf
2	11a-epoca	2024	36	abril	III	https://www.scjn.gob.mx/coordinacion/sites/default/files/gaceta/documents/2024/03_36_abr.pdf	Libro-036_2024-04_abril_Tomo-III.pdf
2	11a-epoca	2024	36	abril	V	https://www.scjn.gob.mx/coordinacion/sites/default/files/gaceta/documents/2024/05_36_abr.pdf	Libro-036_2024-04_abril_Tomo-V.pdf
2	11a-epoca	2024	35	marzo	I	https://www.scjn.gob.mx/coordinacion/sites/default/files/gaceta/documents/2024/01_35_mar.pdf	Libro-035_2024-03_marzo_Tomo-I.pdf
2	11a-epoca	2024	35	marzo	II	https://www.scjn.gob.mx/coordinacion/sites/default/files/gaceta/documents/2024/02_35_mar.pdf	Libro-035_2024-03_marzo_Tomo-II.pdf
2	11a-epoca	2024	35	marzo	III	https://www.scjn.gob.mx/coordinacion/sites/default/files/gaceta/documents/2024/03_35_mar.pdf	Libro-035_2024-03_marzo_Tomo-III.pdf
2	11a-epoca	2024	35	marzo	IV	https://www.scjn.gob.mx/coordinacion/sites/default/files/gaceta/documents/2024/04_35_mar.pdf	Libro-035_2024-03_marzo_Tomo-IV.pdf
2	11a-epoca	2024	35	marzo	V	https://www.scjn.gob.mx/coordinacion/sites/default/files/gaceta/documents/2024/05_35_mar.pdf	Libro-035_2024-03_marzo_Tomo-V.pdf
2	11a-epoca	2024	35	marzo	VI	https://www.scjn.gob.mx/coordinacion/sites/default/files/gaceta/documents/2024/06_35_mar.pdf	Libro-035_2024-03_marzo_Tomo-VI.pdf
2	11a-epoca	2024	35	marzo	VII	https://www.scjn.gob.mx/coordinacion/sites/default/files/gaceta/documents/2024/07_35_mar.pdf	Libro-035_2024-03_marzo_Tomo-VII.pdf
2	11a-epoca	2024	34	febrero	I	https://www.scjn.gob.mx/coordinacion/sites/default/files/gaceta/documents/2024/01_34_feb.pdf	Libro-034_2024-02_febrero_Tomo-I.pdf
2	11a-epoca	2024	34	febrero	II	https://www.scjn.gob.mx/coordinacion/sites/default/files/gaceta/documents/2024/02_34_feb.pdf	Libro-034_2024-02_febrero_Tomo-II.pdf
2	11a-epoca	2024	34	febrero	III	https://www.scjn.gob.mx/coordinacion/sites/default/files/gaceta/documents/2024/03_34_feb.pdf	Libro-034_2024-02_febrero_Tomo-III.pdf
2	11a-epoca	2024	34	febrero	IV	https://www.scjn.gob.mx/coordinacion/sites/default/files/gaceta/documents/2024/04_34_feb.pdf	Libro-034_2024-02_febrero_Tomo-IV.pdf
2	11a-epoca	2024	34	febrero	V	https://www.scjn.gob.mx/coordinacion/sites/default/files/gaceta/documents/2024/05_34_feb.pdf	Libro-034_2024-02_febrero_Tomo-V.pdf
2	11a-epoca	2024	33	enero	I	https://www.scjn.gob.mx/coordinacion/sites/default/files/gaceta/documents/2024/01_33_ene.pdf	Libro-033_2024-01_enero_Tomo-I.pdf
2	11a-epoca	2024	33	enero	II	https://www.scjn.gob.mx/coordinacion/sites/default/files/gaceta/documents/2024/02_33_ene.pdf	Libro-033_2024-01_enero_Tomo-II.pdf
2	11a-epoca	2024	33	enero	III	https://www.scjn.gob.mx/coordinacion/sites/default/files/gaceta/documents/2024/03_33_ene.pdf	Libro-033_2024-01_enero_Tomo-III.pdf
2	11a-epoca	2024	33	enero	IV	https://www.scjn.gob.mx/coordinacion/sites/default/files/gaceta/documents/2024/04_33_ene.pdf	Libro-033_2024-01_enero_Tomo-IV.pdf
2	11a-epoca	2024	33	enero	V	https://www.scjn.gob.mx/coordinacion/sites/default/files/gaceta/documents/2024/05_33_ene.pdf	Libro-033_2024-01_enero_Tomo-V.pdf
2	11a-epoca	2024	33	enero	VI	https://www.scjn.gob.mx/coordinacion/sites/default/files/gaceta/documents/2024/06_33_ene.pdf	Libro-033_2024-01_enero_Tomo-VI.pdf
2	11a-epoca	2024	33	enero	VII	https://www.scjn.gob.mx/coordinacion/sites/default/files/gaceta/documents/2024/07_33_ene.pdf	Libro-033_2024-01_enero_Tomo-VII.pdf
2	11a-epoca	2023	32	diciembre	I	https://www.scjn.gob.mx/coordinacion/sites/default/files/gaceta/documents/2023/01_32_dic.pdf	Libro-032_2023-12_diciembre_Tomo-I.pdf
2	11a-epoca	2023	32	diciembre	II	https://www.scjn.gob.mx/coordinacion/sites/default/files/gaceta/documents/2023/02_32_dic.pdf	Libro-032_2023-12_diciembre_Tomo-II.pdf
2	11a-epoca	2023	32	diciembre	III	https://www.scjn.gob.mx/coordinacion/sites/default/files/gaceta/documents/2023/03_32_dic.pdf	Libro-032_2023-12_diciembre_Tomo-III.pdf
2	11a-epoca	2023	32	diciembre	IV	https://www.scjn.gob.mx/coordinacion/sites/default/files/gaceta/documents/2023/04_32_dic.pdf	Libro-032_2023-12_diciembre_Tomo-IV.pdf
2	11a-epoca	2023	32	diciembre	V	https://www.scjn.gob.mx/coordinacion/sites/default/files/gaceta/documents/2023/05_32_dic.pdf	Libro-032_2023-12_diciembre_Tomo-V.pdf
2	11a-epoca	2023	31	noviembre	I	https://www.scjn.gob.mx/coordinacion/sites/default/files/gaceta/documents/2023/01_31_nov.pdf	Libro-031_2023-11_noviembre_Tomo-I.pdf
2	11a-epoca	2023	31	noviembre	II	https://www.scjn.gob.mx/coordinacion/sites/default/files/gaceta/documents/2023/02_31_nov.pdf	Libro-031_2023-11_noviembre_Tomo-II.pdf
2	11a-epoca	2023	31	noviembre	III	https://www.scjn.gob.mx/coordinacion/sites/default/files/gaceta/documents/2023/03_31_nov.pdf	Libro-031_2023-11_noviembre_Tomo-III.pdf
2	11a-epoca	2023	31	noviembre	IV	https://www.scjn.gob.mx/coordinacion/sites/default/files/gaceta/documents/2023/04_31_nov.pdf	Libro-031_2023-11_noviembre_Tomo-IV.pdf
2	11a-epoca	2023	31	noviembre	V	https://www.scjn.gob.mx/coordinacion/sites/default/files/gaceta/documents/2023/05_31_nov.pdf	Libro-031_2023-11_noviembre_Tomo-V.pdf
2	11a-epoca	2023	30	octubre	I	https://www.scjn.gob.mx/coordinacion/sites/default/files/gaceta/documents/2023/01_30_oct.pdf	Libro-030_2023-10_octubre_Tomo-I.pdf
2	11a-epoca	2023	30	octubre	II	https://www.scjn.gob.mx/coordinacion/sites/default/files/gaceta/documents/2023/02_30_oct.pdf	Libro-030_2023-10_octubre_Tomo-II.pdf
2	11a-epoca	2023	30	octubre	III	https://www.scjn.gob.mx/coordinacion/sites/default/files/gaceta/documents/2023/03_30_oct.pdf	Libro-030_2023-10_octubre_Tomo-III.pdf
2	11a-epoca	2023	30	octubre	IV	https://www.scjn.gob.mx/coordinacion/sites/default/files/gaceta/documents/2023/04_30_oct.pdf	Libro-030_2023-10_octubre_Tomo-IV.pdf
2	11a-epoca	2023	30	octubre	V	https://www.scjn.gob.mx/coordinacion/sites/default/files/gaceta/documents/2023/05_30_oct.pdf	Libro-030_2023-10_octubre_Tomo-V.pdf
2	11a-epoca	2023	30	octubre	VI	https://www.scjn.gob.mx/coordinacion/sites/default/files/gaceta/documents/2023/06_30_oct.pdf	Libro-030_2023-10_octubre_Tomo-VI.pdf
2	11a-epoca	2023	29	septiembre	I	https://www.scjn.gob.mx/coordinacion/sites/default/files/gaceta/documents/2023/01_29_sep.pdf	Libro-029_2023-09_septiembre_Tomo-I.pdf
2	11a-epoca	2023	29	septiembre	III	https://www.scjn.gob.mx/coordinacion/sites/default/files/gaceta/documents/2023/03_29_sep.pdf	Libro-029_2023-09_septiembre_Tomo-III.pdf
2	11a-epoca	2023	29	septiembre	IV	https://www.scjn.gob.mx/coordinacion/sites/default/files/gaceta/documents/2023/04_29_sep.pdf	Libro-029_2023-09_septiembre_Tomo-IV.pdf
2	11a-epoca	2023	29	septiembre	V	https://www.scjn.gob.mx/coordinacion/sites/default/files/gaceta/documents/2023/05_29_sep.pdf	Libro-029_2023-09_septiembre_Tomo-V.pdf
2	11a-epoca	2023	29	septiembre	VI	https://www.scjn.gob.mx/coordinacion/sites/default/files/gaceta/documents/2023/06_29_sep.pdf	Libro-029_2023-09_septiembre_Tomo-VI.pdf
2	11a-epoca	2023	28	agosto	I	https://www.scjn.gob.mx/coordinacion/sites/default/files/gaceta/documents/2023/01_28_ago.pdf	Libro-028_2023-08_agosto_Tomo-I.pdf
2	11a-epoca	2023	28	agosto	II	https://www.scjn.gob.mx/coordinacion/sites/default/files/gaceta/documents/2023/02_28_ago.pdf	Libro-028_2023-08_agosto_Tomo-II.pdf
2	11a-epoca	2023	28	agosto	III	https://www.scjn.gob.mx/coordinacion/sites/default/files/gaceta/documents/2023/03_28_ago.pdf	Libro-028_2023-08_agosto_Tomo-III.pdf
2	11a-epoca	2023	28	agosto	IV	https://www.scjn.gob.mx/coordinacion/sites/default/files/gaceta/documents/2023/04_28_ago.pdf	Libro-028_2023-08_agosto_Tomo-IV.pdf
2	11a-epoca	2023	28	agosto	V	https://www.scjn.gob.mx/coordinacion/sites/default/files/gaceta/documents/2023/05_28_ago.pdf	Libro-028_2023-08_agosto_Tomo-V.pdf
2	11a-epoca	2023	27	julio	I	https://www.scjn.gob.mx/coordinacion/sites/default/files/gaceta/documents/2023/01_27_jul.pdf	Libro-027_2023-07_julio_Tomo-I.pdf
2	11a-epoca	2023	27	julio	II	https://www.scjn.gob.mx/coordinacion/sites/default/files/gaceta/documents/2023/02_27_jul.pdf	Libro-027_2023-07_julio_Tomo-II.pdf
2	11a-epoca	2023	27	julio	III	https://www.scjn.gob.mx/coordinacion/sites/default/files/gaceta/documents/2023/03_27_jul.pdf	Libro-027_2023-07_julio_Tomo-III.pdf
2	11a-epoca	2023	26	junio	I	https://www.scjn.gob.mx/coordinacion/sites/default/files/gaceta/documents/2023/01_26_jun.pdf	Libro-026_2023-06_junio_Tomo-I.pdf
2	11a-epoca	2023	26	junio	II	https://www.scjn.gob.mx/coordinacion/sites/default/files/gaceta/documents/2023/02_26_jun.pdf	Libro-026_2023-06_junio_Tomo-II.pdf
2	11a-epoca	2023	26	junio	III	https://www.scjn.gob.mx/coordinacion/sites/default/files/gaceta/documents/2023/03_26_jun.pdf	Libro-026_2023-06_junio_Tomo-III.pdf
2	11a-epoca	2023	26	junio	IV	https://www.scjn.gob.mx/coordinacion/sites/default/files/gaceta/documents/2023/04_26_jun.pdf	Libro-026_2023-06_junio_Tomo-IV.pdf
2	11a-epoca	2023	26	junio	V	https://www.scjn.gob.mx/coordinacion/sites/default/files/gaceta/documents/2023/05_26_jun.pdf	Libro-026_2023-06_junio_Tomo-V.pdf
2	11a-epoca	2023	26	junio	VI	https://www.scjn.gob.mx/coordinacion/sites/default/files/gaceta/documents/2023/06_26_jun.pdf	Libro-026_2023-06_junio_Tomo-VI.pdf
2	11a-epoca	2023	26	junio	VII	https://www.scjn.gob.mx/coordinacion/sites/default/files/gaceta/documents/2023/07_26_jun.pdf	Libro-026_2023-06_junio_Tomo-VII.pdf
2	11a-epoca	2023	26	junio	VIII	https://www.scjn.gob.mx/coordinacion/sites/default/files/gaceta/documents/2023/08_26_jun.pdf	Libro-026_2023-06_junio_Tomo-VIII.pdf
2	11a-epoca	2023	25	mayo	I	https://www.scjn.gob.mx/coordinacion/sites/default/files/gaceta/documents/2023/01_25_may.pdf	Libro-025_2023-05_mayo_Tomo-I.pdf
2	11a-epoca	2023	25	mayo	II	https://www.scjn.gob.mx/coordinacion/sites/default/files/gaceta/documents/2023/02_25_may.pdf	Libro-025_2023-05_mayo_Tomo-II.pdf
2	11a-epoca	2023	25	mayo	III	https://www.scjn.gob.mx/coordinacion/sites/default/files/gaceta/documents/2023/03_25_may.pdf	Libro-025_2023-05_mayo_Tomo-III.pdf
2	11a-epoca	2023	25	mayo	IV	https://www.scjn.gob.mx/coordinacion/sites/default/files/gaceta/documents/2023/04_25_may.pdf	Libro-025_2023-05_mayo_Tomo-IV.pdf
2	11a-epoca	2023	24	abril	I	https://www.scjn.gob.mx/coordinacion/sites/default/files/gaceta/documents/2023/01_24_abr.pdf	Libro-024_2023-04_abril_Tomo-I.pdf
2	11a-epoca	2023	24	abril	II	https://www.scjn.gob.mx/coordinacion/sites/default/files/gaceta/documents/2023/02_24_abr.pdf	Libro-024_2023-04_abril_Tomo-II.pdf
2	11a-epoca	2023	24	abril	III	https://www.scjn.gob.mx/coordinacion/sites/default/files/gaceta/documents/2023/03_24_abr.pdf	Libro-024_2023-04_abril_Tomo-III.pdf
2	11a-epoca	2023	23	marzo	I	https://www.scjn.gob.mx/coordinacion/sites/default/files/gaceta/documents/2023/01_23_mar.pdf	Libro-023_2023-03_marzo_Tomo-I.pdf
2	11a-epoca	2023	23	marzo	II	https://www.scjn.gob.mx/coordinacion/sites/default/files/gaceta/documents/2023/02_23_mar.pdf	Libro-023_2023-03_marzo_Tomo-II.pdf
2	11a-epoca	2023	23	marzo	III	https://www.scjn.gob.mx/coordinacion/sites/default/files/gaceta/documents/2023/03_23_mar.pdf	Libro-023_2023-03_marzo_Tomo-III.pdf
2	11a-epoca	2023	23	marzo	IV	https://www.scjn.gob.mx/coordinacion/sites/default/files/gaceta/documents/2023/04_23_mar.pdf	Libro-023_2023-03_marzo_Tomo-IV.pdf
2	11a-epoca	2023	23	marzo	V	https://www.scjn.gob.mx/coordinacion/sites/default/files/gaceta/documents/2023/05_23_mar.pdf	Libro-023_2023-03_marzo_Tomo-V.pdf
2	11a-epoca	2023	22	febrero	I	https://www.scjn.gob.mx/coordinacion/sites/default/files/gaceta/documents/2023/01_22_feb.pdf	Libro-022_2023-02_febrero_Tomo-I.pdf
2	11a-epoca	2023	22	febrero	II	https://www.scjn.gob.mx/coordinacion/sites/default/files/gaceta/documents/2023/02_22_feb.pdf	Libro-022_2023-02_febrero_Tomo-II.pdf
2	11a-epoca	2023	22	febrero	III	https://www.scjn.gob.mx/coordinacion/sites/default/files/gaceta/documents/2023/03_22_feb.pdf	Libro-022_2023-02_febrero_Tomo-III.pdf
2	11a-epoca	2023	22	febrero	IV	https://www.scjn.gob.mx/coordinacion/sites/default/files/gaceta/documents/2023/04_22_feb.pdf	Libro-022_2023-02_febrero_Tomo-IV.pdf
2	11a-epoca	2023	21	enero	I	https://www.scjn.gob.mx/coordinacion/sites/default/files/gaceta/documents/2023/01_21_ene.pdf	Libro-021_2023-01_enero_Tomo-I.pdf
2	11a-epoca	2023	21	enero	II	https://www.scjn.gob.mx/coordinacion/sites/default/files/gaceta/documents/2023/02_21_ene.pdf	Libro-021_2023-01_enero_Tomo-II.pdf
2	11a-epoca	2023	21	enero	III	https://www.scjn.gob.mx/coordinacion/sites/default/files/gaceta/documents/2023/03_21_ene.pdf	Libro-021_2023-01_enero_Tomo-III.pdf
2	11a-epoca	2023	21	enero	IV	https://www.scjn.gob.mx/coordinacion/sites/default/files/gaceta/documents/2023/04_21_ene.pdf	Libro-021_2023-01_enero_Tomo-IV.pdf
2	11a-epoca	2023	21	enero	V	https://www.scjn.gob.mx/coordinacion/sites/default/files/gaceta/documents/2023/05_21_ene.pdf	Libro-021_2023-01_enero_Tomo-V.pdf
2	11a-epoca	2023	21	enero	VI	https://www.scjn.gob.mx/coordinacion/sites/default/files/gaceta/documents/2023/06_21_ene.pdf	Libro-021_2023-01_enero_Tomo-VI.pdf
2	11a-epoca	2023	21	enero	VII	https://www.scjn.gob.mx/coordinacion/sites/default/files/gaceta/documents/2023/07_21_ene.pdf	Libro-021_2023-01_enero_Tomo-VII.pdf
2	11a-epoca	2023	21	enero	VIII	https://www.scjn.gob.mx/coordinacion/sites/default/files/gaceta/documents/2023/08_21_ene.pdf	Libro-021_2023-01_enero_Tomo-VIII.pdf
2	11a-epoca	2022	20	diciembre	I	https://www.scjn.gob.mx/coordinacion/sites/default/files/gaceta/documents/2022/01_20_dic.pdf	Libro-020_2022-12_diciembre_Tomo-I.pdf
2	11a-epoca	2022	20	diciembre	II	https://www.scjn.gob.mx/coordinacion/sites/default/files/gaceta/documents/2022/02_20_dic.pdf	Libro-020_2022-12_diciembre_Tomo-II.pdf
2	11a-epoca	2022	20	diciembre	III	https://www.scjn.gob.mx/coordinacion/sites/default/files/gaceta/documents/2022/03_20_dic.pdf	Libro-020_2022-12_diciembre_Tomo-III.pdf
2	11a-epoca	2022	19	noviembre	I	https://www.scjn.gob.mx/coordinacion/sites/default/files/gaceta/documents/2022/01_19_nov.pdf	Libro-019_2022-11_noviembre_Tomo-I.pdf
2	11a-epoca	2022	19	noviembre	II	https://www.scjn.gob.mx/coordinacion/sites/default/files/gaceta/documents/2022/02_19_nov.pdf	Libro-019_2022-11_noviembre_Tomo-II.pdf
2	11a-epoca	2022	19	noviembre	III	https://www.scjn.gob.mx/coordinacion/sites/default/files/gaceta/documents/2022/03_19_nov.pdf	Libro-019_2022-11_noviembre_Tomo-III.pdf
2	11a-epoca	2022	19	noviembre	IV	https://www.scjn.gob.mx/coordinacion/sites/default/files/gaceta/documents/2022/04_19_nov.pdf	Libro-019_2022-11_noviembre_Tomo-IV.pdf
2	11a-epoca	2022	19	noviembre	V	https://www.scjn.gob.mx/coordinacion/sites/default/files/gaceta/documents/2022/05_19_nov.pdf	Libro-019_2022-11_noviembre_Tomo-V.pdf
2	11a-epoca	2022	18	octubre	I	https://www.scjn.gob.mx/coordinacion/sites/default/files/gaceta/documents/2022/01_18_oct.pdf	Libro-018_2022-10_octubre_Tomo-I.pdf
2	11a-epoca	2022	18	octubre	II	https://www.scjn.gob.mx/coordinacion/sites/default/files/gaceta/documents/2022/02_18_oct.pdf	Libro-018_2022-10_octubre_Tomo-II.pdf
2	11a-epoca	2022	18	octubre	III	https://www.scjn.gob.mx/coordinacion/sites/default/files/gaceta/documents/2022/03_18_oct.pdf	Libro-018_2022-10_octubre_Tomo-III.pdf
2	11a-epoca	2022	18	octubre	IV	https://www.scjn.gob.mx/coordinacion/sites/default/files/gaceta/documents/2022/04_18_oct.pdf	Libro-018_2022-10_octubre_Tomo-IV.pdf
2	11a-epoca	2022	18	octubre	V	https://www.scjn.gob.mx/coordinacion/sites/default/files/gaceta/documents/2022/05_18_oct.pdf	Libro-018_2022-10_octubre_Tomo-V.pdf
2	11a-epoca	2022	17	septiembre	I	https://www.scjn.gob.mx/coordinacion/sites/default/files/gaceta/documents/2022/01_17_sep.pdf	Libro-017_2022-09_septiembre_Tomo-I.pdf
2	11a-epoca	2022	17	septiembre	II	https://www.scjn.gob.mx/coordinacion/sites/default/files/gaceta/documents/2022/02_17_sep.pdf	Libro-017_2022-09_septiembre_Tomo-II.pdf
2	11a-epoca	2022	17	septiembre	III	https://www.scjn.gob.mx/coordinacion/sites/default/files/gaceta/documents/2022/03_17_sep.pdf	Libro-017_2022-09_septiembre_Tomo-III.pdf
2	11a-epoca	2022	17	septiembre	IV	https://www.scjn.gob.mx/coordinacion/sites/default/files/gaceta/documents/2022/04_17_sep.pdf	Libro-017_2022-09_septiembre_Tomo-IV.pdf
2	11a-epoca	2022	17	septiembre	V	https://www.scjn.gob.mx/coordinacion/sites/default/files/gaceta/documents/2022/05_17_sep.pdf	Libro-017_2022-09_septiembre_Tomo-V.pdf
2	11a-epoca	2022	17	septiembre	VI	https://www.scjn.gob.mx/coordinacion/sites/default/files/gaceta/documents/2022/06_17_sep.pdf	Libro-017_2022-09_septiembre_Tomo-VI.pdf
2	11a-epoca	2022	16	agosto	I	https://www.scjn.gob.mx/coordinacion/sites/default/files/gaceta/documents/2022/01_16_ago.pdf	Libro-016_2022-08_agosto_Tomo-I.pdf
2	11a-epoca	2022	16	agosto	II	https://www.scjn.gob.mx/coordinacion/sites/default/files/gaceta/documents/2022/02_16_ago.pdf	Libro-016_2022-08_agosto_Tomo-II.pdf
2	11a-epoca	2022	16	agosto	IV	https://www.scjn.gob.mx/coordinacion/sites/default/files/gaceta/documents/2022/04_16_ago.pdf	Libro-016_2022-08_agosto_Tomo-IV.pdf
2	11a-epoca	2022	16	agosto	V	https://www.scjn.gob.mx/coordinacion/sites/default/files/gaceta/documents/2022/05_16_ago.pdf	Libro-016_2022-08_agosto_Tomo-V.pdf
2	11a-epoca	2022	16	agosto	III	https://www.scjn.gob.mx/coordinacion/sites/default/files/gaceta/documents/2022/03_16_ago.pdf	Libro-016_2022-08_agosto_Tomo-III.pdf
2	11a-epoca	2022	15	julio	I	https://www.scjn.gob.mx/coordinacion/sites/default/files/gaceta/documents/2022/01_15_jul.pdf	Libro-015_2022-07_julio_Tomo-I.pdf
2	11a-epoca	2022	15	julio	II	https://www.scjn.gob.mx/coordinacion/sites/default/files/gaceta/documents/2022/02_15_jul.pdf	Libro-015_2022-07_julio_Tomo-II.pdf
2	11a-epoca	2022	15	julio	III	https://www.scjn.gob.mx/coordinacion/sites/default/files/gaceta/documents/2022/03_15_jul.pdf	Libro-015_2022-07_julio_Tomo-III.pdf
2	11a-epoca	2022	15	julio	IV	https://www.scjn.gob.mx/coordinacion/sites/default/files/gaceta/documents/2022/04_15_jul.pdf	Libro-015_2022-07_julio_Tomo-IV.pdf
2	11a-epoca	2022	15	julio	V	https://www.scjn.gob.mx/coordinacion/sites/default/files/gaceta/documents/2022/05_15_jul.pdf	Libro-015_2022-07_julio_Tomo-V.pdf
2	11a-epoca	2022	14	junio	I	https://www.scjn.gob.mx/coordinacion/sites/default/files/gaceta/documents/2022/01_14_jun.pdf	Libro-014_2022-06_junio_Tomo-I.pdf
2	11a-epoca	2022	14	junio	II	https://www.scjn.gob.mx/coordinacion/sites/default/files/gaceta/documents/2022/02_14_jun.pdf	Libro-014_2022-06_junio_Tomo-II.pdf
2	11a-epoca	2022	14	junio	III	https://www.scjn.gob.mx/coordinacion/sites/default/files/gaceta/documents/2022/03_14_jun.pdf	Libro-014_2022-06_junio_Tomo-III.pdf
2	11a-epoca	2022	14	junio	IV	https://www.scjn.gob.mx/coordinacion/sites/default/files/gaceta/documents/2022/04_14_jun.pdf	Libro-014_2022-06_junio_Tomo-IV.pdf
2	11a-epoca	2022	14	junio	V	https://www.scjn.gob.mx/coordinacion/sites/default/files/gaceta/documents/2022/05_14_jun.pdf	Libro-014_2022-06_junio_Tomo-V.pdf
2	11a-epoca	2022	14	junio	VI	https://www.scjn.gob.mx/coordinacion/sites/default/files/gaceta/documents/2022/06_14_jun.pdf	Libro-014_2022-06_junio_Tomo-VI.pdf
2	11a-epoca	2022	14	junio	VII	https://www.scjn.gob.mx/coordinacion/sites/default/files/gaceta/documents/2022/07_14_jun.pdf	Libro-014_2022-06_junio_Tomo-VII.pdf
2	11a-epoca	2022	14	junio	VIII	https://www.scjn.gob.mx/coordinacion/sites/default/files/gaceta/documents/2022/08_14_jun.pdf	Libro-014_2022-06_junio_Tomo-VIII.pdf
2	11a-epoca	2022	13	mayo	I	https://www.scjn.gob.mx/coordinacion/sites/default/files/gaceta/documents/2022/01_13_may.pdf	Libro-013_2022-05_mayo_Tomo-I.pdf
2	11a-epoca	2022	13	mayo	II	https://www.scjn.gob.mx/coordinacion/sites/default/files/gaceta/documents/2022/02_13_may.pdf	Libro-013_2022-05_mayo_Tomo-II.pdf
2	11a-epoca	2022	13	mayo	III	https://www.scjn.gob.mx/coordinacion/sites/default/files/gaceta/documents/2022/03_13_may.pdf	Libro-013_2022-05_mayo_Tomo-III.pdf
2	11a-epoca	2022	13	mayo	IV	https://www.scjn.gob.mx/coordinacion/sites/default/files/gaceta/documents/2022/04_13_may.pdf	Libro-013_2022-05_mayo_Tomo-IV.pdf
2	11a-epoca	2022	13	mayo	V	https://www.scjn.gob.mx/coordinacion/sites/default/files/gaceta/documents/2022/05_13_may.pdf	Libro-013_2022-05_mayo_Tomo-V.pdf
2	11a-epoca	2022	12	abril	I	https://www.scjn.gob.mx/coordinacion/sites/default/files/gaceta/documents/2022/01_12_abr.pdf	Libro-012_2022-04_abril_Tomo-I.pdf
2	11a-epoca	2022	12	abril	II	https://www.scjn.gob.mx/coordinacion/sites/default/files/gaceta/documents/2022/02_12_abr.pdf	Libro-012_2022-04_abril_Tomo-II.pdf
2	11a-epoca	2022	12	abril	III	https://www.scjn.gob.mx/coordinacion/sites/default/files/gaceta/documents/2022/03_12_abr.pdf	Libro-012_2022-04_abril_Tomo-III.pdf
2	11a-epoca	2022	12	abril	IV	https://www.scjn.gob.mx/coordinacion/sites/default/files/gaceta/documents/2022/04_12_abr.pdf	Libro-012_2022-04_abril_Tomo-IV.pdf
2	11a-epoca	2022	11	marzo	I	https://www.scjn.gob.mx/coordinacion/sites/default/files/gaceta/documents/2022/01_11_mar.pdf	Libro-011_2022-03_marzo_Tomo-I.pdf
2	11a-epoca	2022	11	marzo	II	https://www.scjn.gob.mx/coordinacion/sites/default/files/gaceta/documents/2022/02_11_mar.pdf	Libro-011_2022-03_marzo_Tomo-II.pdf
2	11a-epoca	2022	11	marzo	III	https://www.scjn.gob.mx/coordinacion/sites/default/files/gaceta/documents/2022/03_11_mar.pdf	Libro-011_2022-03_marzo_Tomo-III.pdf
2	11a-epoca	2022	11	marzo	IV	https://www.scjn.gob.mx/coordinacion/sites/default/files/gaceta/documents/2022/04_11_mar.pdf	Libro-011_2022-03_marzo_Tomo-IV.pdf
2	11a-epoca	2022	11	marzo	V	https://www.scjn.gob.mx/coordinacion/sites/default/files/gaceta/documents/2022/05_11_mar.pdf	Libro-011_2022-03_marzo_Tomo-V.pdf
2	11a-epoca	2022	10	febrero	I	https://www.scjn.gob.mx/coordinacion/sites/default/files/gaceta/documents/2022/01_10_feb.pdf	Libro-010_2022-02_febrero_Tomo-I.pdf
2	11a-epoca	2022	10	febrero	II	https://www.scjn.gob.mx/coordinacion/sites/default/files/gaceta/documents/2022/02_10_feb.pdf	Libro-010_2022-02_febrero_Tomo-II.pdf
2	11a-epoca	2022	10	febrero	III	https://www.scjn.gob.mx/coordinacion/sites/default/files/gaceta/documents/2022/03_10_feb.pdf	Libro-010_2022-02_febrero_Tomo-III.pdf
2	11a-epoca	2022	9	enero	I	https://www.scjn.gob.mx/coordinacion/sites/default/files/gaceta/documents/2022/01_09_ene.pdf	Libro-009_2022-01_enero_Tomo-I.pdf
2	11a-epoca	2022	9	enero	II	https://www.scjn.gob.mx/coordinacion/sites/default/files/gaceta/documents/2022/02_09_ene.pdf	Libro-009_2022-01_enero_Tomo-II.pdf
2	11a-epoca	2022	9	enero	III	https://www.scjn.gob.mx/coordinacion/sites/default/files/gaceta/documents/2022/03_09_ene.pdf	Libro-009_2022-01_enero_Tomo-III.pdf
2	11a-epoca	2022	9	enero	IV	https://www.scjn.gob.mx/coordinacion/sites/default/files/gaceta/documents/2022/04_09_ene.pdf	Libro-009_2022-01_enero_Tomo-IV.pdf
2	11a-epoca	2021	8	diciembre	I	https://www.scjn.gob.mx/coordinacion/sites/default/files/gaceta/documents/2021/01_08_dic.pdf	Libro-008_2021-12_diciembre_Tomo-I.pdf
2	11a-epoca	2021	8	diciembre	II	https://www.scjn.gob.mx/coordinacion/sites/default/files/gaceta/documents/2021/02_08_dic.pdf	Libro-008_2021-12_diciembre_Tomo-II.pdf
2	11a-epoca	2021	8	diciembre	III	https://www.scjn.gob.mx/coordinacion/sites/default/files/gaceta/documents/2021/03_08_dic.pdf	Libro-008_2021-12_diciembre_Tomo-III.pdf
2	11a-epoca	2021	7	noviembre	I	https://www.scjn.gob.mx/coordinacion/sites/default/files/gaceta/documents/2021/01_07_nov.pdf	Libro-007_2021-11_noviembre_Tomo-I.pdf
2	11a-epoca	2021	7	noviembre	II	https://www.scjn.gob.mx/coordinacion/sites/default/files/gaceta/documents/2021/02_07_nov.pdf	Libro-007_2021-11_noviembre_Tomo-II.pdf
2	11a-epoca	2021	7	noviembre	III	https://www.scjn.gob.mx/coordinacion/sites/default/files/gaceta/documents/2021/03_07_nov.pdf	Libro-007_2021-11_noviembre_Tomo-III.pdf
2	11a-epoca	2021	7	noviembre	IV	https://www.scjn.gob.mx/coordinacion/sites/default/files/gaceta/documents/2021/04_07_nov.pdf	Libro-007_2021-11_noviembre_Tomo-IV.pdf
2	11a-epoca	2021	6	octubre	I	https://www.scjn.gob.mx/coordinacion/sites/default/files/gaceta/documents/2021/01_06_oct.pdf	Libro-006_2021-10_octubre_Tomo-I.pdf
2	11a-epoca	2021	6	octubre	II	https://www.scjn.gob.mx/coordinacion/sites/default/files/gaceta/documents/2021/02_06_oct.pdf	Libro-006_2021-10_octubre_Tomo-II.pdf
2	11a-epoca	2021	6	octubre	III	https://www.scjn.gob.mx/coordinacion/sites/default/files/gaceta/documents/2021/03_07_nov_0.pdf	Libro-006_2021-10_octubre_Tomo-III.pdf
2	11a-epoca	2021	6	octubre	IV	https://www.scjn.gob.mx/coordinacion/sites/default/files/gaceta/documents/2021/04_06_oct.pdf	Libro-006_2021-10_octubre_Tomo-IV.pdf
2	11a-epoca	2021	5	septiembre	I	https://www.scjn.gob.mx/coordinacion/sites/default/files/gaceta/documents/2021/01_05_sep.pdf	Libro-005_2021-09_septiembre_Tomo-I.pdf
2	11a-epoca	2021	5	septiembre	II	https://www.scjn.gob.mx/coordinacion/sites/default/files/gaceta/documents/2021/02_05_sep.pdf	Libro-005_2021-09_septiembre_Tomo-II.pdf
2	11a-epoca	2021	5	septiembre	III	https://www.scjn.gob.mx/coordinacion/sites/default/files/gaceta/documents/2021/03_05_sep.pdf	Libro-005_2021-09_septiembre_Tomo-III.pdf
2	11a-epoca	2021	5	septiembre	IV	https://www.scjn.gob.mx/coordinacion/sites/default/files/gaceta/documents/2021/04_05_sep.pdf	Libro-005_2021-09_septiembre_Tomo-IV.pdf
2	11a-epoca	2021	4	agosto	I	https://www.scjn.gob.mx/coordinacion/sites/default/files/gaceta/documents/2021/01_04_ago.pdf	Libro-004_2021-08_agosto_Tomo-I.pdf
2	11a-epoca	2021	4	agosto	II	https://www.scjn.gob.mx/coordinacion/sites/default/files/gaceta/documents/2021/02_04_ago.pdf	Libro-004_2021-08_agosto_Tomo-II.pdf
2	11a-epoca	2021	4	agosto	III	https://www.scjn.gob.mx/coordinacion/sites/default/files/gaceta/documents/2021/03_04_ago.pdf	Libro-004_2021-08_agosto_Tomo-III.pdf
2	11a-epoca	2021	4	agosto	IV	https://www.scjn.gob.mx/coordinacion/sites/default/files/gaceta/documents/2021/04_04_ago.pdf	Libro-004_2021-08_agosto_Tomo-IV.pdf
2	11a-epoca	2021	4	agosto	V	https://www.scjn.gob.mx/coordinacion/sites/default/files/gaceta/documents/2021/05_04_ago.pdf	Libro-004_2021-08_agosto_Tomo-V.pdf
2	11a-epoca	2021	3	julio	I	https://www.scjn.gob.mx/coordinacion/sites/default/files/gaceta/documents/2021/01_03_jul.pdf	Libro-003_2021-07_julio_Tomo-I.pdf
2	11a-epoca	2021	3	julio	II	https://www.scjn.gob.mx/coordinacion/sites/default/files/gaceta/documents/2021/02_03_jul.pdf	Libro-003_2021-07_julio_Tomo-II.pdf
2	11a-epoca	2021	3	julio	III	https://www.scjn.gob.mx/coordinacion/sites/default/files/gaceta/documents/2021/03_03_jul.pdf	Libro-003_2021-07_julio_Tomo-III.pdf
2	11a-epoca	2021	2	junio	I	https://www.scjn.gob.mx/coordinacion/sites/default/files/gaceta/documents/2021/01_02_jun.pdf	Libro-002_2021-06_junio_Tomo-I.pdf
2	11a-epoca	2021	2	junio	II	https://www.scjn.gob.mx/coordinacion/sites/default/files/gaceta/documents/2021/02_02_jun.pdf	Libro-002_2021-06_junio_Tomo-II.pdf
2	11a-epoca	2021	2	junio	III	https://www.scjn.gob.mx/coordinacion/sites/default/files/gaceta/documents/2021/03_02_jun.pdf	Libro-002_2021-06_junio_Tomo-III.pdf
2	11a-epoca	2021	2	junio	IV	https://www.scjn.gob.mx/coordinacion/sites/default/files/gaceta/documents/2021/04_02_jun.pdf	Libro-002_2021-06_junio_Tomo-IV.pdf
2	11a-epoca	2021	2	junio	V	https://www.scjn.gob.mx/coordinacion/sites/default/files/gaceta/documents/2021/05_02_jun.pdf	Libro-002_2021-06_junio_Tomo-V.pdf
2	11a-epoca	2021	1	mayo	I	https://www.scjn.gob.mx/coordinacion/sites/default/files/gaceta/documents/2021/01_01_may.pdf	Libro-001_2021-05_mayo_Tomo-I.pdf
2	11a-epoca	2021	1	mayo	II	https://www.scjn.gob.mx/coordinacion/sites/default/files/gaceta/documents/2021/02_01_may.pdf	Libro-001_2021-05_mayo_Tomo-II.pdf
2	11a-epoca	2021	1	mayo	III	https://www.scjn.gob.mx/coordinacion/sites/default/files/gaceta/documents/2021/03_01_may.pdf	Libro-001_2021-05_mayo_Tomo-III.pdf
3	10a-epoca	2021	85	abril	I	https://www.scjn.gob.mx/coordinacion/sites/default/files/gaceta/documents/2021/01_85_abr.pdf	Libro-085_2021-04_abril_Tomo-I.pdf
3	10a-epoca	2021	85	abril	II	https://www.scjn.gob.mx/coordinacion/sites/default/files/gaceta/documents/2021/02_85_abr.pdf	Libro-085_2021-04_abril_Tomo-II.pdf
3	10a-epoca	2021	85	abril	III	https://www.scjn.gob.mx/coordinacion/sites/default/files/gaceta/documents/2021/03_85_abr.pdf	Libro-085_2021-04_abril_Tomo-III.pdf
3	10a-epoca	2021	84	marzo	I	https://www.scjn.gob.mx/coordinacion/sites/default/files/gaceta/documents/2021/01_84_mar.pdf	Libro-084_2021-03_marzo_Tomo-I.pdf
3	10a-epoca	2021	84	marzo	II	https://www.scjn.gob.mx/coordinacion/sites/default/files/gaceta/documents/2021/02_84_mar.pdf	Libro-084_2021-03_marzo_Tomo-II.pdf
3	10a-epoca	2021	84	marzo	III	https://www.scjn.gob.mx/coordinacion/sites/default/files/gaceta/documents/2021/03_84_mar.pdf	Libro-084_2021-03_marzo_Tomo-III.pdf
3	10a-epoca	2021	84	marzo	IV	https://www.scjn.gob.mx/coordinacion/sites/default/files/gaceta/documents/2021/04_84_mar.pdf	Libro-084_2021-03_marzo_Tomo-IV.pdf
3	10a-epoca	2021	83	febrero	I	https://www.scjn.gob.mx/coordinacion/sites/default/files/gaceta/documents/2021/01_83_feb.pdf	Libro-083_2021-02_febrero_Tomo-I.pdf
3	10a-epoca	2021	83	febrero	III	https://www.scjn.gob.mx/coordinacion/sites/default/files/gaceta/documents/2021/03_83_feb.pdf	Libro-083_2021-02_febrero_Tomo-III.pdf
3	10a-epoca	2021	82	enero	I	https://www.scjn.gob.mx/coordinacion/sites/default/files/gaceta/documents/2021/01_82_ene.pdf	Libro-082_2021-01_enero_Tomo-I.pdf
3	10a-epoca	2021	82	enero	II	https://www.scjn.gob.mx/coordinacion/sites/default/files/gaceta/documents/2021/02_82_ene_01.pdf	Libro-082_2021-01_enero_Tomo-II_parte-1.pdf
3	10a-epoca	2021	82	enero	II	https://www.scjn.gob.mx/coordinacion/sites/default/files/gaceta/documents/2021/02_82_ene_02.pdf	Libro-082_2021-01_enero_Tomo-II_parte-2.pdf
3	10a-epoca	2021	82	enero	II	https://www.scjn.gob.mx/coordinacion/sites/default/files/gaceta/documents/2021/02_82_ene_03.pdf	Libro-082_2021-01_enero_Tomo-II_parte-3.pdf
3	10a-epoca	2020	81	diciembre	I	https://www.scjn.gob.mx/coordinacion/sites/default/files/gaceta/documents/2020/01_81_dic.pdf	Libro-081_2020-12_diciembre_Tomo-I.pdf
3	10a-epoca	2020	81	diciembre	II	https://www.scjn.gob.mx/coordinacion/sites/default/files/gaceta/documents/2020/02_81_dic.pdf	Libro-081_2020-12_diciembre_Tomo-II.pdf
3	10a-epoca	2020	80	noviembre	I	https://www.scjn.gob.mx/coordinacion/sites/default/files/gaceta/documents/2020/01_80_nov.pdf	Libro-080_2020-11_noviembre_Tomo-I.pdf
3	10a-epoca	2020	80	noviembre	II	https://www.scjn.gob.mx/coordinacion/sites/default/files/gaceta/documents/2020/02_80_nov.pdf	Libro-080_2020-11_noviembre_Tomo-II.pdf
3	10a-epoca	2020	80	noviembre	III	https://www.scjn.gob.mx/coordinacion/sites/default/files/gaceta/documents/2020/03_80_nov.pdf	Libro-080_2020-11_noviembre_Tomo-III.pdf
3	10a-epoca	2020	79	octubre	I	https://www.scjn.gob.mx/coordinacion/sites/default/files/gaceta/documents/2020/01_79_oct.pdf	Libro-079_2020-10_octubre_Tomo-I.pdf
3	10a-epoca	2020	79	octubre	II	https://www.scjn.gob.mx/coordinacion/sites/default/files/gaceta/documents/2020/02_79_oct.pdf	Libro-079_2020-10_octubre_Tomo-II.pdf
3	10a-epoca	2020	79	octubre	III	https://www.scjn.gob.mx/coordinacion/sites/default/files/gaceta/documents/2020/03_79_oct.pdf	Libro-079_2020-10_octubre_Tomo-III.pdf
3	10a-epoca	2020	78	septiembre	I	https://www.scjn.gob.mx/coordinacion/sites/default/files/gaceta/documents/2020/01_78_sep.pdf	Libro-078_2020-09_septiembre_Tomo-I.pdf
3	10a-epoca	2020	78	septiembre	II	https://www.scjn.gob.mx/coordinacion/sites/default/files/gaceta/documents/2020/02_78_sep.pdf	Libro-078_2020-09_septiembre_Tomo-II.pdf
3	10a-epoca	2020	77	agosto	I	https://www.scjn.gob.mx/coordinacion/sites/default/files/gaceta/documents/2020/01_77_ago.pdf	Libro-077_2020-08_agosto_Tomo-I.pdf
3	10a-epoca	2020	77	agosto	II	https://www.scjn.gob.mx/coordinacion/sites/default/files/gaceta/documents/2020/02_77_ago.pdf	Libro-077_2020-08_agosto_Tomo-II.pdf
3	10a-epoca	2020	77	agosto	III	https://www.scjn.gob.mx/coordinacion/sites/default/files/gaceta/documents/2020/03_77_ago.pdf	Libro-077_2020-08_agosto_Tomo-III.pdf
3	10a-epoca	2020	77	agosto	IV	https://www.scjn.gob.mx/coordinacion/sites/default/files/gaceta/documents/2020/04_77_ago.pdf	Libro-077_2020-08_agosto_Tomo-IV.pdf
3	10a-epoca	2020	77	agosto	V	https://www.scjn.gob.mx/coordinacion/sites/default/files/gaceta/documents/2020/05_77_ago.pdf	Libro-077_2020-08_agosto_Tomo-V.pdf
3	10a-epoca	2020	77	agosto	VI	https://www.scjn.gob.mx/coordinacion/sites/default/files/gaceta/documents/2020/06_77_ago.pdf	Libro-077_2020-08_agosto_Tomo-VI.pdf
3	10a-epoca	2020	77	agosto	VII	https://www.scjn.gob.mx/coordinacion/sites/default/files/gaceta/documents/2020/07_77_ago.pdf	Libro-077_2020-08_agosto_Tomo-VII.pdf
3	10a-epoca	2020	76	marzo	I	https://www.scjn.gob.mx/coordinacion/sites/default/files/gaceta/documents/2020/01_76_mar.pdf	Libro-076_2020-03_marzo_Tomo-I.pdf
3	10a-epoca	2020	76	marzo	II	https://www.scjn.gob.mx/coordinacion/sites/default/files/gaceta/documents/2020/02_76_mar.pdf	Libro-076_2020-03_marzo_Tomo-II.pdf
3	10a-epoca	2020	75	febrero	I	https://www.scjn.gob.mx/coordinacion/sites/default/files/gaceta/documents/2020/01_75_feb.pdf	Libro-075_2020-02_febrero_Tomo-I.pdf
3	10a-epoca	2020	75	febrero	II	https://www.scjn.gob.mx/coordinacion/sites/default/files/gaceta/documents/2020/02_75_feb.pdf	Libro-075_2020-02_febrero_Tomo-II.pdf
3	10a-epoca	2020	75	febrero	III	https://www.scjn.gob.mx/coordinacion/sites/default/files/gaceta/documents/2020/03_75_feb.pdf	Libro-075_2020-02_febrero_Tomo-III.pdf
3	10a-epoca	2020	74	enero	I	https://www.scjn.gob.mx/coordinacion/sites/default/files/gaceta/documents/2020/01_74_ene.pdf	Libro-074_2020-01_enero_Tomo-I.pdf
3	10a-epoca	2020	74	enero	II	https://www.scjn.gob.mx/coordinacion/sites/default/files/gaceta/documents/2020/02_74_ene.pdf	Libro-074_2020-01_enero_Tomo-II.pdf
3	10a-epoca	2020	74	enero	III	https://www.scjn.gob.mx/coordinacion/sites/default/files/gaceta/documents/2020/03_74_ene.pdf	Libro-074_2020-01_enero_Tomo-III.pdf
3	10a-epoca	2019	73	diciembre	I	https://www.scjn.gob.mx/coordinacion/sites/default/files/gaceta/documents/2019/01_73_dic.pdf	Libro-073_2019-12_diciembre_Tomo-I.pdf
3	10a-epoca	2019	73	diciembre	II	https://www.scjn.gob.mx/coordinacion/sites/default/files/gaceta/documents/2019/02_73_dic.pdf	Libro-073_2019-12_diciembre_Tomo-II.pdf
3	10a-epoca	2019	73	diciembre	III	https://www.scjn.gob.mx/coordinacion/sites/default/files/gaceta/documents/2019/03_73_dic.pdf	Libro-073_2019-12_diciembre_Tomo-III.pdf
3	10a-epoca	2019	72	noviembre	I	https://www.scjn.gob.mx/coordinacion/sites/default/files/gaceta/documents/2019/01_72_nov.pdf	Libro-072_2019-11_noviembre_Tomo-I.pdf
3	10a-epoca	2019	72	noviembre	II	https://www.scjn.gob.mx/coordinacion/sites/default/files/gaceta/documents/2019/02_72_nov.pdf	Libro-072_2019-11_noviembre_Tomo-II.pdf
3	10a-epoca	2019	72	noviembre	III	https://www.scjn.gob.mx/coordinacion/sites/default/files/gaceta/documents/2019/03_72_nov.pdf	Libro-072_2019-11_noviembre_Tomo-III.pdf
3	10a-epoca	2019	72	noviembre	IV	https://www.scjn.gob.mx/coordinacion/sites/default/files/gaceta/documents/2019/04_72_nov.pdf	Libro-072_2019-11_noviembre_Tomo-IV.pdf
3	10a-epoca	2019	71	octubre	I	https://www.scjn.gob.mx/coordinacion/sites/default/files/gaceta/documents/2019/01_71_oct.pdf	Libro-071_2019-10_octubre_Tomo-I.pdf
3	10a-epoca	2019	71	octubre	II	https://www.scjn.gob.mx/coordinacion/sites/default/files/gaceta/documents/2019/02_71_oct.pdf	Libro-071_2019-10_octubre_Tomo-II.pdf
3	10a-epoca	2019	71	octubre	III	https://www.scjn.gob.mx/coordinacion/sites/default/files/gaceta/documents/2019/03_71_oct.pdf	Libro-071_2019-10_octubre_Tomo-III.pdf
3	10a-epoca	2019	71	octubre	IV	https://www.scjn.gob.mx/coordinacion/sites/default/files/gaceta/documents/2019/04_71_oct.pdf	Libro-071_2019-10_octubre_Tomo-IV.pdf
3	10a-epoca	2019	70	septiembre	I	https://www.scjn.gob.mx/coordinacion/sites/default/files/gaceta/documents/2019/01_70_sep.pdf	Libro-070_2019-09_septiembre_Tomo-I.pdf
3	10a-epoca	2019	70	septiembre	II	https://www.scjn.gob.mx/coordinacion/sites/default/files/gaceta/documents/2019/02_70_sep.pdf	Libro-070_2019-09_septiembre_Tomo-II.pdf
3	10a-epoca	2019	70	septiembre	III	https://www.scjn.gob.mx/coordinacion/sites/default/files/gaceta/documents/2019/03_70_sep.pdf	Libro-070_2019-09_septiembre_Tomo-III.pdf
3	10a-epoca	2019	69	agosto	I	https://www.scjn.gob.mx/coordinacion/sites/default/files/gaceta/documents/2019/01_69_ago.pdf	Libro-069_2019-08_agosto_Tomo-I.pdf
3	10a-epoca	2019	69	agosto	III	https://www.scjn.gob.mx/coordinacion/sites/default/files/gaceta/documents/2019/03_69_ago.pdf	Libro-069_2019-08_agosto_Tomo-III.pdf
3	10a-epoca	2019	69	agosto	IV	https://www.scjn.gob.mx/coordinacion/sites/default/files/gaceta/documents/2019/04_69_ago.pdf	Libro-069_2019-08_agosto_Tomo-IV.pdf
3	10a-epoca	2019	69	agosto	V	https://www.scjn.gob.mx/coordinacion/sites/default/files/gaceta/documents/2019/05_69_ago.pdf	Libro-069_2019-08_agosto_Tomo-V.pdf
3	10a-epoca	2019	68	julio	completo	https://www.scjn.gob.mx/coordinacion/sites/default/files/gaceta/documents/2019/68_jul.pdf	Libro-068_2019-07_julio.pdf
3	10a-epoca	2019	67	junio	I	https://www.scjn.gob.mx/coordinacion/sites/default/files/gaceta/documents/2019/01_67_jun.pdf	Libro-067_2019-06_junio_Tomo-I.pdf
3	10a-epoca	2019	67	junio	II	https://www.scjn.gob.mx/coordinacion/sites/default/files/gaceta/documents/2019/02_67_jun.pdf	Libro-067_2019-06_junio_Tomo-II.pdf
3	10a-epoca	2019	67	junio	III	https://www.scjn.gob.mx/coordinacion/sites/default/files/gaceta/documents/2019/03_67_jun.pdf	Libro-067_2019-06_junio_Tomo-III.pdf
3	10a-epoca	2019	67	junio	IV	https://www.scjn.gob.mx/coordinacion/sites/default/files/gaceta/documents/2019/04_67_jun.pdf	Libro-067_2019-06_junio_Tomo-IV.pdf
3	10a-epoca	2019	67	junio	V	https://www.scjn.gob.mx/coordinacion/sites/default/files/gaceta/documents/2019/05_67_jun.pdf	Libro-067_2019-06_junio_Tomo-V.pdf
3	10a-epoca	2019	67	junio	VI	https://www.scjn.gob.mx/coordinacion/sites/default/files/gaceta/documents/2019/06_67_jun.pdf	Libro-067_2019-06_junio_Tomo-VI.pdf
3	10a-epoca	2019	67	junio	VII	https://www.scjn.gob.mx/coordinacion/sites/default/files/gaceta/documents/2019/07_67_jun.pdf	Libro-067_2019-06_junio_Tomo-VII.pdf
3	10a-epoca	2019	66	mayo	completo	https://www.scjn.gob.mx/coordinacion/sites/default/files/gaceta/documents/2019/66_may_completo.pdf	Libro-066_2019-05_mayo.pdf
3	10a-epoca	2019	65	abril	completo	https://www.scjn.gob.mx/coordinacion/sites/default/files/gaceta/documents/2019/65_abr_completo.pdf	Libro-065_2019-04_abril.pdf
3	10a-epoca	2019	64	marzo	completo	https://www.scjn.gob.mx/coordinacion/sites/default/files/gaceta/documents/2019/64_mar_completo.pdf	Libro-064_2019-03_marzo.pdf
3	10a-epoca	2019	63	febrero	I	https://www.scjn.gob.mx/coordinacion/sites/default/files/gaceta/documents/2019/01_63_feb.pdf	Libro-063_2019-02_febrero_Tomo-I.pdf
3	10a-epoca	2019	63	febrero	II	https://www.scjn.gob.mx/coordinacion/sites/default/files/gaceta/documents/2019/02_63_feb.pdf	Libro-063_2019-02_febrero_Tomo-II.pdf
3	10a-epoca	2019	63	febrero	III	https://www.scjn.gob.mx/coordinacion/sites/default/files/gaceta/documents/2019/03_63_feb.pdf	Libro-063_2019-02_febrero_Tomo-III.pdf
3	10a-epoca	2019	62	enero	completo	https://www.scjn.gob.mx/coordinacion/sites/default/files/gaceta/documents/2019/62_ene_completo.pdf	Libro-062_2019-01_enero.pdf
3	10a-epoca	2018	61	diciembre	completo	https://www.scjn.gob.mx/coordinacion/sites/default/files/gaceta/documents/2018/61_dic_completo.pdf	Libro-061_2018-12_diciembre.pdf
3	10a-epoca	2018	60	noviembre	completo	https://www.scjn.gob.mx/coordinacion/sites/default/files/gaceta/documents/2018/60_nov_completo.pdf	Libro-060_2018-11_noviembre.pdf
3	10a-epoca	2018	59	octubre	I	https://www.scjn.gob.mx/coordinacion/sites/default/files/gaceta/documents/2018/01_59_oct.pdf	Libro-059_2018-10_octubre_Tomo-I.pdf
3	10a-epoca	2018	59	octubre	II	https://www.scjn.gob.mx/coordinacion/sites/default/files/gaceta/documents/2018/02_59_oct.pdf	Libro-059_2018-10_octubre_Tomo-II.pdf
3	10a-epoca	2018	59	octubre	III	https://www.scjn.gob.mx/coordinacion/sites/default/files/gaceta/documents/2018/03_59_oct.pdf	Libro-059_2018-10_octubre_Tomo-III.pdf
3	10a-epoca	2018	58	septiembre	completo	https://www.scjn.gob.mx/coordinacion/sites/default/files/gaceta/documents/2018/58_sep_completo.pdf	Libro-058_2018-09_septiembre.pdf
3	10a-epoca	2018	57	agosto	I	https://www.scjn.gob.mx/coordinacion/sites/default/files/gaceta/documents/2018/01_57_ago.pdf	Libro-057_2018-08_agosto_Tomo-I.pdf
3	10a-epoca	2018	57	agosto	II	https://www.scjn.gob.mx/coordinacion/sites/default/files/gaceta/documents/2018/02_57_ago.pdf	Libro-057_2018-08_agosto_Tomo-II.pdf
3	10a-epoca	2018	57	agosto	III	https://www.scjn.gob.mx/coordinacion/sites/default/files/gaceta/documents/2018/03_57_ago.pdf	Libro-057_2018-08_agosto_Tomo-III.pdf
3	10a-epoca	2018	56	julio	I	https://www.scjn.gob.mx/coordinacion/sites/default/files/gaceta/documents/2018/01_56_jul.pdf	Libro-056_2018-07_julio_Tomo-I.pdf
3	10a-epoca	2018	56	julio	II	https://www.scjn.gob.mx/coordinacion/sites/default/files/gaceta/documents/2018/02_56_jul.pdf	Libro-056_2018-07_julio_Tomo-II.pdf
3	10a-epoca	2018	55	junio	I	https://www.scjn.gob.mx/coordinacion/sites/default/files/gaceta/documents/2018/01_55_jun.pdf	Libro-055_2018-06_junio_Tomo-I.pdf
3	10a-epoca	2018	55	junio	II	https://www.scjn.gob.mx/coordinacion/sites/default/files/gaceta/documents/2018/02_55_jun.pdf	Libro-055_2018-06_junio_Tomo-II.pdf
3	10a-epoca	2018	55	junio	III	https://www.scjn.gob.mx/coordinacion/sites/default/files/gaceta/documents/2018/03_55_jun.pdf	Libro-055_2018-06_junio_Tomo-III.pdf
3	10a-epoca	2018	55	junio	IV	https://www.scjn.gob.mx/coordinacion/sites/default/files/gaceta/documents/2018/04_55_jun.pdf	Libro-055_2018-06_junio_Tomo-IV.pdf
3	10a-epoca	2018	55	junio	V	https://www.scjn.gob.mx/coordinacion/sites/default/files/gaceta/documents/2018/05_55_jun.pdf	Libro-055_2018-06_junio_Tomo-V.pdf
3	10a-epoca	2018	54	mayo	completo	https://www.scjn.gob.mx/coordinacion/sites/default/files/gaceta/documents/2018/54_may_completo.pdf	Libro-054_2018-05_mayo.pdf
3	10a-epoca	2018	53	abril	I	https://www.scjn.gob.mx/coordinacion/sites/default/files/gaceta/documents/2018/01_53_abr.pdf	Libro-053_2018-04_abril_Tomo-I.pdf
3	10a-epoca	2018	53	abril	II	https://www.scjn.gob.mx/coordinacion/sites/default/files/gaceta/documents/2018/02_53_abr.pdf	Libro-053_2018-04_abril_Tomo-II.pdf
3	10a-epoca	2018	53	abril	III	https://www.scjn.gob.mx/coordinacion/sites/default/files/gaceta/documents/2018/03_53_abr.pdf	Libro-053_2018-04_abril_Tomo-III.pdf
3	10a-epoca	2018	52	marzo	I	https://www.scjn.gob.mx/coordinacion/sites/default/files/gaceta/documents/2018/01_52_mar.pdf	Libro-052_2018-03_marzo_Tomo-I.pdf
3	10a-epoca	2018	52	marzo	II	https://www.scjn.gob.mx/coordinacion/sites/default/files/gaceta/documents/2018/02_52_mar.pdf	Libro-052_2018-03_marzo_Tomo-II.pdf
3	10a-epoca	2018	52	marzo	III	https://www.scjn.gob.mx/coordinacion/sites/default/files/gaceta/documents/2018/03_52_mar.pdf	Libro-052_2018-03_marzo_Tomo-III.pdf
3	10a-epoca	2018	52	marzo	IV	https://www.scjn.gob.mx/coordinacion/sites/default/files/gaceta/documents/2018/04_52_mar.pdf	Libro-052_2018-03_marzo_Tomo-IV.pdf
3	10a-epoca	2018	51	febrero	I	https://www.scjn.gob.mx/coordinacion/sites/default/files/gaceta/documents/2018/01_51_feb.pdf	Libro-051_2018-02_febrero_Tomo-I.pdf
3	10a-epoca	2018	51	febrero	II	https://www.scjn.gob.mx/coordinacion/sites/default/files/gaceta/documents/2018/02_51_feb.pdf	Libro-051_2018-02_febrero_Tomo-II.pdf
3	10a-epoca	2018	50	enero	I	https://www.scjn.gob.mx/coordinacion/sites/default/files/gaceta/documents/2018/01_50_ene.pdf	Libro-050_2018-01_enero_Tomo-I.pdf
3	10a-epoca	2018	50	enero	II	https://www.scjn.gob.mx/coordinacion/sites/default/files/gaceta/documents/2018/02_50_ene.pdf	Libro-050_2018-01_enero_Tomo-II.pdf
3	10a-epoca	2018	50	enero	III	https://www.scjn.gob.mx/coordinacion/sites/default/files/gaceta/documents/2018/03_50_ene.pdf	Libro-050_2018-01_enero_Tomo-III.pdf
3	10a-epoca	2018	50	enero	IV	https://www.scjn.gob.mx/coordinacion/sites/default/files/gaceta/documents/2018/04_50_ene.pdf	Libro-050_2018-01_enero_Tomo-IV.pdf
3	10a-epoca	2017	49	diciembre	I	https://www.scjn.gob.mx/coordinacion/sites/default/files/gaceta/documents/2017/01_49_dic.pdf	Libro-049_2017-12_diciembre_Tomo-I.pdf
3	10a-epoca	2017	49	diciembre	II	https://www.scjn.gob.mx/coordinacion/sites/default/files/gaceta/documents/2017/02_49_dic.pdf	Libro-049_2017-12_diciembre_Tomo-II.pdf
3	10a-epoca	2017	49	diciembre	III	https://www.scjn.gob.mx/coordinacion/sites/default/files/gaceta/documents/2017/03_49_dic.pdf	Libro-049_2017-12_diciembre_Tomo-III.pdf
3	10a-epoca	2017	49	diciembre	IV	https://www.scjn.gob.mx/coordinacion/sites/default/files/gaceta/documents/2017/04_49_dic.pdf	Libro-049_2017-12_diciembre_Tomo-IV.pdf
3	10a-epoca	2017	48	noviembre	I	https://www.scjn.gob.mx/coordinacion/sites/default/files/gaceta/documents/2017/01_48_nov.pdf	Libro-048_2017-11_noviembre_Tomo-I.pdf
3	10a-epoca	2017	48	noviembre	II	https://www.scjn.gob.mx/coordinacion/sites/default/files/gaceta/documents/2017/02_48_nov.pdf	Libro-048_2017-11_noviembre_Tomo-II.pdf
3	10a-epoca	2017	48	noviembre	III	https://www.scjn.gob.mx/coordinacion/sites/default/files/gaceta/documents/2017/03_48_nov.pdf	Libro-048_2017-11_noviembre_Tomo-III.pdf
3	10a-epoca	2017	47	octubre	I	https://www.scjn.gob.mx/coordinacion/sites/default/files/gaceta/documents/2017/01_47_oct.pdf	Libro-047_2017-10_octubre_Tomo-I.pdf
3	10a-epoca	2017	47	octubre	II	https://www.scjn.gob.mx/coordinacion/sites/default/files/gaceta/documents/2017/02_47_oct.pdf	Libro-047_2017-10_octubre_Tomo-II.pdf
3	10a-epoca	2017	47	octubre	III	https://www.scjn.gob.mx/coordinacion/sites/default/files/gaceta/documents/2017/03_47_oct.pdf	Libro-047_2017-10_octubre_Tomo-III.pdf
3	10a-epoca	2017	47	octubre	IV	https://www.scjn.gob.mx/coordinacion/sites/default/files/gaceta/documents/2017/04_47_oct.pdf	Libro-047_2017-10_octubre_Tomo-IV.pdf
3	10a-epoca	2017	46	septiembre	completo	https://www.scjn.gob.mx/coordinacion/sites/default/files/gaceta/documents/2017/46_sep_completo.pdf	Libro-046_2017-09_septiembre.pdf
3	10a-epoca	2017	45	agosto	I	https://www.scjn.gob.mx/coordinacion/sites/default/files/gaceta/documents/2017/01_45_ago.pdf	Libro-045_2017-08_agosto_Tomo-I.pdf
3	10a-epoca	2017	45	agosto	II	https://www.scjn.gob.mx/coordinacion/sites/default/files/gaceta/documents/2017/02_45_ago.pdf	Libro-045_2017-08_agosto_Tomo-II.pdf
3	10a-epoca	2017	45	agosto	III	https://www.scjn.gob.mx/coordinacion/sites/default/files/gaceta/documents/2017/03_45_ago.pdf	Libro-045_2017-08_agosto_Tomo-III.pdf
3	10a-epoca	2017	45	agosto	IV	https://www.scjn.gob.mx/coordinacion/sites/default/files/gaceta/documents/2017/04_45_ago.pdf	Libro-045_2017-08_agosto_Tomo-IV.pdf
3	10a-epoca	2017	44	julio	completo	https://www.scjn.gob.mx/coordinacion/sites/default/files/gaceta/documents/2017/44_jul_completo.pdf	Libro-044_2017-07_julio.pdf
3	10a-epoca	2017	43	junio	I	https://www.scjn.gob.mx/coordinacion/sites/default/files/gaceta/documents/2017/01_43_jun.pdf	Libro-043_2017-06_junio_Tomo-I.pdf
3	10a-epoca	2017	43	junio	II	https://www.scjn.gob.mx/coordinacion/sites/default/files/gaceta/documents/2017/02_43_jun.pdf	Libro-043_2017-06_junio_Tomo-II.pdf
3	10a-epoca	2017	43	junio	III	https://www.scjn.gob.mx/coordinacion/sites/default/files/gaceta/documents/2017/03_43_jun.pdf	Libro-043_2017-06_junio_Tomo-III.pdf
3	10a-epoca	2017	43	junio	IV	https://www.scjn.gob.mx/coordinacion/sites/default/files/gaceta/documents/2017/04_43_jun.pdf	Libro-043_2017-06_junio_Tomo-IV.pdf
3	10a-epoca	2017	42	mayo	completo	https://www.scjn.gob.mx/coordinacion/sites/default/files/gaceta/documents/2017/42_may_completo.pdf	Libro-042_2017-05_mayo.pdf
3	10a-epoca	2017	41	abril	completo	https://www.scjn.gob.mx/coordinacion/sites/default/files/gaceta/documents/2017/41_abr_completo.pdf	Libro-041_2017-04_abril.pdf
3	10a-epoca	2017	40	marzo	I	https://www.scjn.gob.mx/coordinacion/sites/default/files/gaceta/documents/2017/01_40_mar.pdf	Libro-040_2017-03_marzo_Tomo-I.pdf
3	10a-epoca	2017	40	marzo	II	https://www.scjn.gob.mx/coordinacion/sites/default/files/gaceta/documents/2017/02_40_mar.pdf	Libro-040_2017-03_marzo_Tomo-II.pdf
3	10a-epoca	2017	40	marzo	III	https://www.scjn.gob.mx/coordinacion/sites/default/files/gaceta/documents/2017/03_40_mar.pdf	Libro-040_2017-03_marzo_Tomo-III.pdf
3	10a-epoca	2017	40	marzo	IV	https://www.scjn.gob.mx/coordinacion/sites/default/files/gaceta/documents/2017/04_40_mar.pdf	Libro-040_2017-03_marzo_Tomo-IV.pdf
3	10a-epoca	2017	39	febrero	completo	https://www.scjn.gob.mx/coordinacion/sites/default/files/gaceta/documents/2017/39_feb_completo.pdf	Libro-039_2017-02_febrero.pdf
3	10a-epoca	2017	38	enero	I	https://www.scjn.gob.mx/coordinacion/sites/default/files/gaceta/documents/2017/01_38_ene.pdf	Libro-038_2017-01_enero_Tomo-I.pdf
3	10a-epoca	2017	38	enero	II	https://www.scjn.gob.mx/coordinacion/sites/default/files/gaceta/documents/2017/02_38_ene.pdf	Libro-038_2017-01_enero_Tomo-II.pdf
3	10a-epoca	2017	38	enero	III	https://www.scjn.gob.mx/coordinacion/sites/default/files/gaceta/documents/2017/03_38_ene.pdf	Libro-038_2017-01_enero_Tomo-III.pdf
3	10a-epoca	2017	38	enero	IV	https://www.scjn.gob.mx/coordinacion/sites/default/files/gaceta/documents/2017/04_38_ene.pdf	Libro-038_2017-01_enero_Tomo-IV.pdf
3	10a-epoca	2016	37	diciembre	completo	https://www.scjn.gob.mx/coordinacion/sites/default/files/gaceta/documents/2016/37_dic_completo.pdf	Libro-037_2016-12_diciembre.pdf
3	10a-epoca	2016	36	noviembre	completo	https://www.scjn.gob.mx/coordinacion/sites/default/files/gaceta/documents/2016/36_nov_completo.pdf	Libro-036_2016-11_noviembre.pdf
3	10a-epoca	2016	35	octubre	I	https://www.scjn.gob.mx/coordinacion/sites/default/files/gaceta/documents/2016/01_35_oct.pdf	Libro-035_2016-10_octubre_Tomo-I.pdf
3	10a-epoca	2016	35	octubre	II	https://www.scjn.gob.mx/coordinacion/sites/default/files/gaceta/documents/2016/02_35_oct.pdf	Libro-035_2016-10_octubre_Tomo-II.pdf
3	10a-epoca	2016	35	octubre	III	https://www.scjn.gob.mx/coordinacion/sites/default/files/gaceta/documents/2016/03_35_oct.pdf	Libro-035_2016-10_octubre_Tomo-III.pdf
3	10a-epoca	2016	35	octubre	IV	https://www.scjn.gob.mx/coordinacion/sites/default/files/gaceta/documents/2016/04_35_oct.pdf	Libro-035_2016-10_octubre_Tomo-IV.pdf
3	10a-epoca	2016	34	septiembre	I	https://www.scjn.gob.mx/coordinacion/sites/default/files/gaceta/documents/2016/01_34_sep.pdf	Libro-034_2016-09_septiembre_Tomo-I.pdf
3	10a-epoca	2016	34	septiembre	II	https://www.scjn.gob.mx/coordinacion/sites/default/files/gaceta/documents/2016/02_34_sep.pdf	Libro-034_2016-09_septiembre_Tomo-II.pdf
3	10a-epoca	2016	34	septiembre	III	https://www.scjn.gob.mx/coordinacion/sites/default/files/gaceta/documents/2016/03_34_sep.pdf	Libro-034_2016-09_septiembre_Tomo-III.pdf
3	10a-epoca	2016	33	agosto	I	https://www.scjn.gob.mx/coordinacion/sites/default/files/gaceta/documents/2016/01_33_ago.pdf	Libro-033_2016-08_agosto_Tomo-I.pdf
3	10a-epoca	2016	33	agosto	II	https://www.scjn.gob.mx/coordinacion/sites/default/files/gaceta/documents/2016/02_33_ago.pdf	Libro-033_2016-08_agosto_Tomo-II.pdf
3	10a-epoca	2016	33	agosto	III	https://www.scjn.gob.mx/coordinacion/sites/default/files/gaceta/documents/2016/03_33_ago.pdf	Libro-033_2016-08_agosto_Tomo-III.pdf
3	10a-epoca	2016	33	agosto	IV	https://www.scjn.gob.mx/coordinacion/sites/default/files/gaceta/documents/2016/04_33_ago.pdf	Libro-033_2016-08_agosto_Tomo-IV.pdf
3	10a-epoca	2016	32	julio	completo	https://www.scjn.gob.mx/coordinacion/sites/default/files/gaceta/documents/2016/32_jul_completo.pdf	Libro-032_2016-07_julio.pdf
3	10a-epoca	2016	31	junio	I	https://www.scjn.gob.mx/coordinacion/sites/default/files/gaceta/documents/2016/01_31_jun.pdf	Libro-031_2016-06_junio_Tomo-I.pdf
3	10a-epoca	2016	31	junio	II	https://www.scjn.gob.mx/coordinacion/sites/default/files/gaceta/documents/2016/02_31_jun.pdf	Libro-031_2016-06_junio_Tomo-II.pdf
3	10a-epoca	2016	31	junio	III	https://www.scjn.gob.mx/coordinacion/sites/default/files/gaceta/documents/2016/03_31_jun.pdf	Libro-031_2016-06_junio_Tomo-III.pdf
3	10a-epoca	2016	31	junio	IV	https://www.scjn.gob.mx/coordinacion/sites/default/files/gaceta/documents/2016/04_31_jun.pdf	Libro-031_2016-06_junio_Tomo-IV.pdf
3	10a-epoca	2016	30	mayo	completo	https://www.scjn.gob.mx/coordinacion/sites/default/files/gaceta/documents/2016/30_may_completo.pdf	Libro-030_2016-05_mayo.pdf
3	10a-epoca	2016	29	abril	I	https://www.scjn.gob.mx/coordinacion/sites/default/files/gaceta/documents/2016/01_29_abr.pdf	Libro-029_2016-04_abril_Tomo-I.pdf
3	10a-epoca	2016	29	abril	II	https://www.scjn.gob.mx/coordinacion/sites/default/files/gaceta/documents/2016/02_29_abr.pdf	Libro-029_2016-04_abril_Tomo-II.pdf
3	10a-epoca	2016	29	abril	III	https://www.scjn.gob.mx/coordinacion/sites/default/files/gaceta/documents/2016/03_29_abr.pdf	Libro-029_2016-04_abril_Tomo-III.pdf
3	10a-epoca	2016	28	marzo	completo	https://www.scjn.gob.mx/coordinacion/sites/default/files/gaceta/documents/2016/28_mar_completo.pdf	Libro-028_2016-03_marzo.pdf
3	10a-epoca	2016	27	febrero	I	https://www.scjn.gob.mx/coordinacion/sites/default/files/gaceta/documents/2016/01_27_feb.pdf	Libro-027_2016-02_febrero_Tomo-I.pdf
3	10a-epoca	2016	27	febrero	II	https://www.scjn.gob.mx/coordinacion/sites/default/files/gaceta/documents/2016/02_27_feb.pdf	Libro-027_2016-02_febrero_Tomo-II.pdf
3	10a-epoca	2016	27	febrero	III	https://www.scjn.gob.mx/coordinacion/sites/default/files/gaceta/documents/2016/03_27_feb.pdf	Libro-027_2016-02_febrero_Tomo-III.pdf
3	10a-epoca	2016	26	enero	I	https://www.scjn.gob.mx/coordinacion/sites/default/files/gaceta/documents/2016/01_26_ene.pdf	Libro-026_2016-01_enero_Tomo-I.pdf
3	10a-epoca	2016	26	enero	II	https://www.scjn.gob.mx/coordinacion/sites/default/files/gaceta/documents/2016/02_26_ene.pdf	Libro-026_2016-01_enero_Tomo-II.pdf
3	10a-epoca	2016	26	enero	III	https://www.scjn.gob.mx/coordinacion/sites/default/files/gaceta/documents/2016/03_26_ene.pdf	Libro-026_2016-01_enero_Tomo-III.pdf
3	10a-epoca	2016	26	enero	IV	https://www.scjn.gob.mx/coordinacion/sites/default/files/gaceta/documents/2016/04_26_ene.pdf	Libro-026_2016-01_enero_Tomo-IV.pdf
3	10a-epoca	2015	25	diciembre	completo	https://www.scjn.gob.mx/coordinacion/sites/default/files/gaceta/documents/2015/25_dic_completo.pdf	Libro-025_2015-12_diciembre.pdf
3	10a-epoca	2015	24	noviembre	I	https://www.scjn.gob.mx/coordinacion/sites/default/files/gaceta/documents/2015/01_24_nov.pdf	Libro-024_2015-11_noviembre_Tomo-I.pdf
3	10a-epoca	2015	24	noviembre	II	https://www.scjn.gob.mx/coordinacion/sites/default/files/gaceta/documents/2015/02_24_nov.pdf	Libro-024_2015-11_noviembre_Tomo-II.pdf
3	10a-epoca	2015	24	noviembre	III	https://www.scjn.gob.mx/coordinacion/sites/default/files/gaceta/documents/2015/03_24_nov.pdf	Libro-024_2015-11_noviembre_Tomo-III.pdf
3	10a-epoca	2015	24	noviembre	IV	https://www.scjn.gob.mx/coordinacion/sites/default/files/gaceta/documents/2015/04_24_nov.pdf	Libro-024_2015-11_noviembre_Tomo-IV.pdf
3	10a-epoca	2015	23	octubre	I	https://www.scjn.gob.mx/coordinacion/sites/default/files/gaceta/documents/2015/01_23_oct.pdf	Libro-023_2015-10_octubre_Tomo-I.pdf
3	10a-epoca	2015	23	octubre	II	https://www.scjn.gob.mx/coordinacion/sites/default/files/gaceta/documents/2015/02_23_oct_0.pdf	Libro-023_2015-10_octubre_Tomo-II.pdf
3	10a-epoca	2015	23	octubre	III	https://www.scjn.gob.mx/coordinacion/sites/default/files/gaceta/documents/2015/03_23_oct.pdf	Libro-023_2015-10_octubre_Tomo-III.pdf
3	10a-epoca	2015	23	octubre	IV	https://www.scjn.gob.mx/coordinacion/sites/default/files/gaceta/documents/2015/04_23_oct.pdf	Libro-023_2015-10_octubre_Tomo-IV.pdf
3	10a-epoca	2015	22	septiembre	completo	https://www.scjn.gob.mx/coordinacion/sites/default/files/gaceta/documents/2015/22_sep_completo.pdf	Libro-022_2015-09_septiembre.pdf
3	10a-epoca	2015	21	agosto	I	https://www.scjn.gob.mx/coordinacion/sites/default/files/gaceta/documents/2015/01_21_ago.pdf	Libro-021_2015-08_agosto_Tomo-I.pdf
3	10a-epoca	2015	21	agosto	II	https://www.scjn.gob.mx/coordinacion/sites/default/files/gaceta/documents/2015/02_21_ago.pdf	Libro-021_2015-08_agosto_Tomo-II.pdf
3	10a-epoca	2015	21	agosto	III	https://www.scjn.gob.mx/coordinacion/sites/default/files/gaceta/documents/2015/03_21_ago_1.pdf	Libro-021_2015-08_agosto_Tomo-III_parte-1.pdf
3	10a-epoca	2015	21	agosto	III	https://www.scjn.gob.mx/coordinacion/sites/default/files/gaceta/documents/2015/03_21_ago_2.pdf	Libro-021_2015-08_agosto_Tomo-III_parte-2.pdf
3	10a-epoca	2015	21	agosto	III	https://www.scjn.gob.mx/coordinacion/sites/default/files/gaceta/documents/2015/03_21_ago_3.pdf	Libro-021_2015-08_agosto_Tomo-III_parte-3.pdf
3	10a-epoca	2015	20	julio	completo	https://www.scjn.gob.mx/coordinacion/sites/default/files/gaceta/documents/2015/20_jul_completo.pdf	Libro-020_2015-07_julio.pdf
3	10a-epoca	2015	19	junio	completo	https://www.scjn.gob.mx/coordinacion/sites/default/files/gaceta/documents/2015/19_jun_completo.pdf	Libro-019_2015-06_junio.pdf
3	10a-epoca	2015	18	mayo	completo	https://www.scjn.gob.mx/coordinacion/sites/default/files/gaceta/documents/2015/18_may_completo.pdf	Libro-018_2015-05_mayo.pdf
3	10a-epoca	2015	17	abril	completo	https://www.scjn.gob.mx/coordinacion/sites/default/files/gaceta/documents/2015/17_abr_completo.pdf	Libro-017_2015-04_abril.pdf
3	10a-epoca	2015	16	marzo	completo	https://www.scjn.gob.mx/coordinacion/sites/default/files/gaceta/documents/2015/16_mar_completo.pdf	Libro-016_2015-03_marzo.pdf
3	10a-epoca	2015	15	febrero	completo	https://www.scjn.gob.mx/coordinacion/sites/default/files/gaceta/documents/2015/15_feb_completo.pdf	Libro-015_2015-02_febrero.pdf
3	10a-epoca	2015	14	enero	completo	https://www.scjn.gob.mx/coordinacion/sites/default/files/gaceta/documents/2015/14_ene_completo.pdf	Libro-014_2015-01_enero.pdf
3	10a-epoca	2014	13	diciembre	completo	https://www.scjn.gob.mx/coordinacion/sites/default/files/gaceta/documents/2014/13_dic_completo.pdf	Libro-013_2014-12_diciembre.pdf
3	10a-epoca	2014	12	noviembre	I	https://www.scjn.gob.mx/coordinacion/sites/default/files/gaceta/documents/2014/01_12_nov.pdf	Libro-012_2014-11_noviembre_Tomo-I.pdf
3	10a-epoca	2014	12	noviembre	II	https://www.scjn.gob.mx/coordinacion/sites/default/files/gaceta/documents/2014/02_12_nov.pdf	Libro-012_2014-11_noviembre_Tomo-II.pdf
3	10a-epoca	2014	12	noviembre	III	https://www.scjn.gob.mx/coordinacion/sites/default/files/gaceta/documents/2014/03_12_nov.pdf	Libro-012_2014-11_noviembre_Tomo-III.pdf
3	10a-epoca	2014	12	noviembre	IV	https://www.scjn.gob.mx/coordinacion/sites/default/files/gaceta/documents/2014/04_12_nov.pdf	Libro-012_2014-11_noviembre_Tomo-IV.pdf
3	10a-epoca	2014	11	octubre	completo	https://www.scjn.gob.mx/coordinacion/sites/default/files/gaceta/documents/2014/11_oct_completo.pdf	Libro-011_2014-10_octubre.pdf
3	10a-epoca	2014	10	septiembre	completo	https://www.scjn.gob.mx/coordinacion/sites/default/files/gaceta/documents/2014/10_sep_completo.pdf	Libro-010_2014-09_septiembre.pdf
3	10a-epoca	2014	9	agosto	completo	https://www.scjn.gob.mx/coordinacion/sites/default/files/gaceta/documents/2014/09_ago_completo.pdf	Libro-009_2014-08_agosto.pdf
3	10a-epoca	2014	8	julio	completo	https://www.scjn.gob.mx/coordinacion/sites/default/files/gaceta/documents/2014/08_jul_completo.pdf	Libro-008_2014-07_julio.pdf
3	10a-epoca	2014	7	junio	completo	https://www.scjn.gob.mx/coordinacion/sites/default/files/gaceta/documents/2014/07_jun_completo.pdf	Libro-007_2014-06_junio.pdf
3	10a-epoca	2014	6	mayo	completo	https://www.scjn.gob.mx/coordinacion/sites/default/files/gaceta/documents/2014/06_may_completo.pdf	Libro-006_2014-05_mayo.pdf
3	10a-epoca	2014	5	abril	completo	https://www.scjn.gob.mx/coordinacion/sites/default/files/gaceta/documents/2014/05_abr_completo.pdf	Libro-005_2014-04_abril.pdf
3	10a-epoca	2014	4	marzo	completo	https://www.scjn.gob.mx/coordinacion/sites/default/files/gaceta/documents/2014/04_mar_completo.pdf	Libro-004_2014-03_marzo.pdf
3	10a-epoca	2014	3	febrero	completo	https://www.scjn.gob.mx/coordinacion/sites/default/files/gaceta/documents/2014/03_feb_completo.pdf	Libro-003_2014-02_febrero.pdf
3	10a-epoca	2014	2	enero	completo	https://www.scjn.gob.mx/coordinacion/sites/default/files/gaceta/documents/2014/02_ene_completo.pdf	Libro-002_2014-01_enero.pdf
3	10a-epoca	2013	1	diciembre	completo	https://www.scjn.gob.mx/coordinacion/sites/default/files/gaceta/documents/2013/01_dic_completo.pdf	Libro-001_2013-12_diciembre.pdf
3	10a-epoca	2013	26	noviembre	completo	https://www.scjn.gob.mx/coordinacion/sites/default/files/gaceta/documents/2013/26_nov_completo.pdf	Libro-026_2013-11_noviembre.pdf
3	10a-epoca	2013	25	octubre	completo	https://www.scjn.gob.mx/coordinacion/sites/default/files/gaceta/documents/2013/25_oct_completo.pdf	Libro-025_2013-10_octubre.pdf
3	10a-epoca	2013	24	septiembre	completo	https://www.scjn.gob.mx/coordinacion/sites/default/files/gaceta/documents/2013/24_sep_completo.pdf	Libro-024_2013-09_septiembre.pdf
3	10a-epoca	2013	23	agosto	completo	https://www.scjn.gob.mx/coordinacion/sites/default/files/gaceta/documents/2013/23_ago_completo.pdf	Libro-023_2013-08_agosto.pdf
3	10a-epoca	2013	10	julio	completo	https://www.scjn.gob.mx/coordinacion/sites/default/files/gaceta/documents/2013/10_jul_completo.pdf	Libro-010_2013-07_julio.pdf
3	10a-epoca	2013	21	junio	completo	https://www.scjn.gob.mx/coordinacion/sites/default/files/gaceta/documents/2013/21_jun_completo.pdf	Libro-021_2013-06_junio.pdf
3	10a-epoca	2013	20	mayo	completo	https://www.scjn.gob.mx/coordinacion/sites/default/files/gaceta/documents/2013/20_may_completo.pdf	Libro-020_2013-05_mayo.pdf
3	10a-epoca	2013	19	abril	completo	https://www.scjn.gob.mx/coordinacion/sites/default/files/gaceta/documents/2013/19_abr_completo.pdf	Libro-019_2013-04_abril.pdf
3	10a-epoca	2013	18	marzo	completo	https://www.scjn.gob.mx/coordinacion/sites/default/files/gaceta/documents/2013/18_mar_completo.pdf	Libro-018_2013-03_marzo.pdf
3	10a-epoca	2013	17	febrero	completo	https://www.scjn.gob.mx/coordinacion/sites/default/files/gaceta/documents/2013/17_feb_completo.pdf	Libro-017_2013-02_febrero.pdf
3	10a-epoca	2013	16	enero	completo	https://www.scjn.gob.mx/coordinacion/sites/default/files/gaceta/documents/2013/16_ene_completo.pdf	Libro-016_2013-01_enero.pdf
3	10a-epoca	2012	15	diciembre	completo	https://www.scjn.gob.mx/coordinacion/sites/default/files/gaceta/documents/2012/15_dic_completo.pdf	Libro-015_2012-12_diciembre.pdf
3	10a-epoca	2012	14	noviembre	completo	https://www.scjn.gob.mx/coordinacion/sites/default/files/gaceta/documents/2012/14_nov_completo.pdf	Libro-014_2012-11_noviembre.pdf
3	10a-epoca	2012	13	octubre	completo	https://www.scjn.gob.mx/coordinacion/sites/default/files/gaceta/documents/2012/13_oct_completo.pdf	Libro-013_2012-10_octubre.pdf
3	10a-epoca	2012	12	septiembre	completo	https://www.scjn.gob.mx/coordinacion/sites/default/files/gaceta/documents/2012/12_sep_completo.pdf	Libro-012_2012-09_septiembre.pdf
3	10a-epoca	2012	11	agosto	completo	https://www.scjn.gob.mx/coordinacion/sites/default/files/gaceta/documents/2012/11_ago_completo.pdf	Libro-011_2012-08_agosto.pdf
3	10a-epoca	2012	10	julio	completo	https://www.scjn.gob.mx/coordinacion/sites/default/files/gaceta/documents/2012/10_jul_completo.pdf	Libro-010_2012-07_julio.pdf
3	10a-epoca	2012	9	junio	completo	https://www.scjn.gob.mx/coordinacion/sites/default/files/gaceta/documents/2012/09_jun_completo.pdf	Libro-009_2012-06_junio.pdf
3	10a-epoca	2012	8	mayo	completo	https://www.scjn.gob.mx/coordinacion/sites/default/files/gaceta/documents/2012/08_may_completo.pdf	Libro-008_2012-05_mayo.pdf
3	10a-epoca	2012	7	abril	completo	https://www.scjn.gob.mx/coordinacion/sites/default/files/gaceta/documents/2012/07_abr_completo.pdf	Libro-007_2012-04_abril.pdf
3	10a-epoca	2012	6	marzo	completo	https://www.scjn.gob.mx/coordinacion/sites/default/files/gaceta/documents/2012/06_mar_completo.pdf	Libro-006_2012-03_marzo.pdf
3	10a-epoca	2012	5	febrero	completo	https://www.scjn.gob.mx/coordinacion/sites/default/files/gaceta/documents/2012/05_feb_completo.pdf	Libro-005_2012-02_febrero.pdf
3	10a-epoca	2012	4	enero	I	https://www.scjn.gob.mx/coordinacion/sites/default/files/gaceta/documents/2012/01_04_ene.pdf	Libro-004_2012-01_enero_Tomo-I.pdf
3	10a-epoca	2012	4	enero	II	https://www.scjn.gob.mx/coordinacion/sites/default/files/gaceta/documents/2012/02_04_ene.pdf	Libro-004_2012-01_enero_Tomo-II.pdf
3	10a-epoca	2012	4	enero	III	https://www.scjn.gob.mx/coordinacion/sites/default/files/gaceta/documents/2012/03_04_ene.pdf	Libro-004_2012-01_enero_Tomo-III.pdf
3	10a-epoca	2012	4	enero	IV	https://www.scjn.gob.mx/coordinacion/sites/default/files/gaceta/documents/2012/04_04_ene.pdf	Libro-004_2012-01_enero_Tomo-IV.pdf
3	10a-epoca	2012	4	enero	V	https://www.scjn.gob.mx/coordinacion/sites/default/files/gaceta/documents/2012/05_04_ene.pdf	Libro-004_2012-01_enero_Tomo-V.pdf
3	10a-epoca	2011	3	diciembre	completo	https://www.scjn.gob.mx/coordinacion/sites/default/files/gaceta/documents/2011/03_dic_completo.pdf	Libro-003_2011-12_diciembre.pdf
3	10a-epoca	2011	2	noviembre	completo	https://www.scjn.gob.mx/coordinacion/sites/default/files/gaceta/documents/2011/02_nov_completo.pdf	Libro-002_2011-11_noviembre.pdf
3	10a-epoca	2011	1	octubre	completo	https://www.scjn.gob.mx/coordinacion/sites/default/files/gaceta/documents/2011/01_oct_completo.pdf	Libro-001_2011-10_octubre.pdf
4	9a-epoca	2011	34	septiembre	completo	https://www.scjn.gob.mx/coordinacion/sites/default/files/gaceta/documents/2011/34_sep_completo.pdf	Libro-034_2011-09_septiembre.pdf
4	9a-epoca	2011	34	agosto	completo	https://www.scjn.gob.mx/coordinacion/sites/default/files/gaceta/documents/2011/34_ago_completo.pdf	Libro-034_2011-08_agosto.pdf
4	9a-epoca	2011	34	julio	completo	https://www.scjn.gob.mx/coordinacion/sites/default/files/gaceta/documents/2011/34_jul_completo.pdf	Libro-034_2011-07_julio.pdf
4	9a-epoca	2011	33	junio	completo	https://www.scjn.gob.mx/coordinacion/sites/default/files/gaceta/documents/2011/33_jun_completo.pdf	Libro-033_2011-06_junio.pdf
4	9a-epoca	2011	33	mayo	completo	https://www.scjn.gob.mx/coordinacion/sites/default/files/gaceta/documents/2011/33_may_completo.pdf	Libro-033_2011-05_mayo.pdf
4	9a-epoca	2011	33	abril	completo	https://www.scjn.gob.mx/coordinacion/sites/default/files/gaceta/documents/2011/33_abr_completo.pdf	Libro-033_2011-04_abril.pdf
4	9a-epoca	2011	33	marzo	completo	https://www.scjn.gob.mx/coordinacion/sites/default/files/gaceta/documents/2011/33_mar_completo.pdf	Libro-033_2011-03_marzo.pdf
